                  epoch,         train/box_loss,         train/cls_loss,         train/dfl_loss,   metrics/precision(B),      metrics/recall(B),       metrics/mAP50(B),    metrics/mAP50-95(B),           val/box_loss,           val/cls_loss,           val/dfl_loss,                 lr/pg0,                 lr/pg1,                 lr/pg2
                      1,                 2.1387,                 5.5973,                 1.7761,                0.00113,                0.64444,                0.33509,                0.14508,                 1.5169,                 5.0656,                 1.4762,             0.00043342,             0.00043342,             0.00043342
                      2,                 1.7054,                 4.0646,                 1.5959,                0.00134,                0.64444,                0.22238,                0.08474,                 1.6704,                 5.1871,                 2.1723,             0.00070858,             0.00070858,             0.00070858
                      3,                 1.7552,                 3.2567,                 1.6584,                0.37471,                0.16667,                  0.484,                0.21781,                 1.5798,                 3.9102,                 1.8737,             0.00080549,             0.00080549,             0.00080549
                      4,                 1.7007,                 3.0076,                 1.6013,                 0.8865,                0.50458,                0.89448,                0.35105,                  1.547,                 3.4722,                 1.7688,              0.0006768,              0.0006768,              0.0006768
                      5,                  1.604,                 2.6756,                 1.5467,                0.87612,                0.79763,                0.92096,                0.43629,                   1.62,                 2.6849,                 1.8295,             0.00034674,             0.00034674,             0.00034674
